<?xml version="1.0" encoding="utf-8"?>
<!--/275308/1470380/2.50/4/4/Switch/-->
<quadcept_library>
  <setting unit="mil" />
  <textstyle name="Default" height="47.244094488189" strokewidth="7.8740157480315" charwidth="47.244094488189" />
  <textstyle name="Dimension" height="19.6850393700787" strokewidth="0" charwidth="19.6850393700787" />
  <textstyle name="H127W0635TH00762" height="50" strokewidth="3" charwidth="25" />
  <textstyle name="H15W15TH02" height="59.0551181102362" strokewidth="7.8740157480315" charwidth="59.0551181102362" />
  <padstyle name="r180_110" surface="True" plated="False" isvia="False" nopaste="False" nomask="True" complex="False" holesize="0">
    <padshape layer="TOP" shape="rectangle" width="43.307086614173" height="70.866141732283" />
    <padshape layer="TOP_SOLDER_MASK" shape="rectangle" width="51.181102362204" height="78.740157480314" />
    <padshape layer="TOP_SOLDER_PASTE" shape="rectangle" width="43.307086614173" height="70.866141732283" />
  </padstyle>
  <footprint name="SKQGAKE010" originx="0" originy="0" pickpointx="0" pickpointy="0">
    <pcbpin number="1" name="1" style="r180_110" originx="-122.04724409449" originy="72.83464566929" rotation="90" />
    <pcbpin number="2" name="2" style="r180_110" originx="122.04724409449" originy="72.83464566929" rotation="90" />
    <pcbpin number="3" name="3" style="r180_110" originx="-122.04724409449" originy="-72.83464566929" rotation="90" />
    <pcbpin number="4" name="4" style="r180_110" originx="122.04724409449" originy="-72.83464566929" rotation="90" />
    <line layer="TOP_ASSEMBLY" originx="-102.36220472441" originy="102.36220472441" endx="102.36220472441" endy="102.36220472441" width="9.9999999999999" />
    <line layer="TOP_ASSEMBLY" originx="102.36220472441" originy="102.36220472441" endx="102.36220472441" endy="-102.36220472441" width="9.9999999999999" />
    <line layer="TOP_ASSEMBLY" originx="102.36220472441" originy="-102.36220472441" endx="-102.36220472441" endy="-102.36220472441" width="9.9999999999999" />
    <line layer="TOP_ASSEMBLY" originx="-102.36220472441" originy="-102.36220472441" endx="-102.36220472441" endy="102.36220472441" width="9.9999999999999" />
    <line layer="TOP_SILKSCREEN" originx="-102.36220472441" originy="102.36220472441" endx="102.36220472441" endy="102.36220472441" width="9.9999999999999" />
    <line layer="TOP_SILKSCREEN" originx="-102.36220472441" originy="-102.36220472441" endx="102.36220472441" endy="-102.36220472441" width="9.9999999999999" />
    <line layer="TOP_SILKSCREEN" originx="102.36220472441" originy="39.370078740157" endx="102.36220472441" endy="-39.370078740157" width="9.9999999999999" />
    <line layer="TOP_SILKSCREEN" originx="-102.36220472441" originy="39.370078740157" endx="-102.36220472441" endy="-39.370078740157" width="9.9999999999999" />
    <arc layer="TOP_SILKSCREEN" originx="-173.66141732283" originy="108.22834645669" startangle="180" sweepangle="180" radius="2.3492125984252" width="9.9999999999999" />
    <arc layer="TOP_SILKSCREEN" originx="-173.66141732283" originy="108.22834645669" startangle="180" sweepangle="-180" radius="2.3492125984252" width="9.9999999999999" />
  </footprint>
  <symbol name="SKQGABE010" originx="0" originy="0">
    <line originx="200" originy="100" endx="600" endy="100" width="0" />
    <line originx="600" originy="-200" endx="600" endy="100" width="0" />
    <line originx="600" originy="-200" endx="200" endy="-200" width="0" />
    <line originx="200" originy="100" endx="200" endy="-200" width="0" />
    <sympin number="1" originx="200" originy="0" rotation="180" length="100" width="7.8740157480315" flipped="False">
      <text name="pinname" originx="230" originy="0" style="Default" rotation="0" justify="left" flipped="False" hidden="False" data="1" />
      <text name="pindes" originx="140" originy="20" style="Default" rotation="0" justify="lowerright" flipped="False" hidden="False" data="1" />
    </sympin>
    <sympin number="2" originx="600" originy="0" rotation="0" length="100" width="7.8740157480315" flipped="False">
      <text name="pinname" originx="570" originy="0" style="Default" rotation="0" justify="right" flipped="False" hidden="False" data="2" />
      <text name="pindes" originx="660" originy="20" style="Default" rotation="0" justify="lowerleft" flipped="False" hidden="False" data="2" />
    </sympin>
    <sympin number="3" originx="200" originy="-100" rotation="180" length="100" width="7.8740157480315" flipped="False">
      <text name="pinname" originx="230" originy="-100" style="Default" rotation="0" justify="left" flipped="False" hidden="False" data="3" />
      <text name="pindes" originx="140" originy="-80" style="Default" rotation="0" justify="lowerright" flipped="False" hidden="False" data="3" />
    </sympin>
    <sympin number="4" originx="600" originy="-100" rotation="0" length="100" width="7.8740157480315" flipped="False">
      <text name="pinname" originx="570" originy="-100" style="Default" rotation="0" justify="right" flipped="False" hidden="False" data="4" />
      <text name="pindes" originx="660" originy="-80" style="Default" rotation="0" justify="lowerleft" flipped="False" hidden="False" data="4" />
    </sympin>
  </symbol>
  <component name="SKQGABE010" designatorprefix="S" height="0" footprint="SKQGAKE010">
    <comppin designator="1" sympin="1" pinswap="0" gateswap="0" gate="1" group="1" side="" type="Any" name="1" />
    <comppin designator="2" sympin="2" pinswap="0" gateswap="0" gate="1" group="1" side="" type="Any" name="2" />
    <comppin designator="3" sympin="3" pinswap="0" gateswap="0" gate="1" group="1" side="" type="Any" name="3" />
    <comppin designator="4" sympin="4" pinswap="0" gateswap="0" gate="1" group="1" side="" type="Any" name="4" />
    <attached_symbol gate="1" name="SKQGABE010" />
    <pinmap designator="1" footprintpin="1" />
    <pinmap designator="2" footprintpin="2" />
    <pinmap designator="3" footprintpin="3" />
    <pinmap designator="4" footprintpin="4" />
    <text name="Datasheet" originx="0" originy="0" style="Default" rotation="0" justify="" flipped="False" hidden="True" data="http://www.alps.com/prod/info/E/HTML/Tact/SurfaceMount/SKQG/SKQGABE010.html" />
    <text name="Description" originx="0" originy="0" style="Default" rotation="0" justify="" flipped="False" hidden="True" data="Tact switch,SMT,SPST,with stem,1.57N o/f Stem Tactile Switch, SPST-NO 50 mA 1.5mm" />
    <text name="Mouser Part Number" originx="0" originy="0" style="Default" rotation="0" justify="" flipped="False" hidden="True" data="688-SKQGAB" />
    <text name="Mouser Price/Stock" originx="0" originy="0" style="Default" rotation="0" justify="" flipped="False" hidden="True" data="https://www.mouser.co.uk/ProductDetail/Alps-Alpine/SKQGABE010?qs=N5Jky1br14NGdH0AMYxewQ%3D%3D" />
    <text name="Manufacturer_Name" originx="0" originy="0" style="Default" rotation="0" justify="" flipped="False" hidden="True" data="ALPS Electric" />
    <text name="Manufacturer_Part_Number" originx="650" originy="200" style="Default" rotation="0" justify="left" flipped="False" hidden="False" data="SKQGABE010" />
  </component>
</quadcept_library>
